1	1e1ae449-5ebf-4548-9f78-1870c69159c5	df8f392f-a962-47f4-9b70-5be0f71336ff
2	ab4b9465-f77f-4988-946c-beb1219e6fdc	428b5544-5c95-4dc1-ad18-02067a69c944
3	0aebd2bc-c692-48cf-a96c-0ab590e7220e	bf14592f-2bf4-43d6-b4b0-fdcbe9802b9b
4	7cd0460f-4e74-4430-b29b-1a6103cde821	61b8422c-b33c-4330-8f58-83ba2016f1ce
5	16dd5419-2a4a-471c-af3a-fad14b14814f	f57308de-c8b9-468f-91fa-be3d8eda08e7
6	a8718ea9-94d9-4915-af07-73fa76d51185	a18b4a16-a2f6-4d79-b839-53e1eee88f98
7	c3074882-40e9-47e9-9662-4e809a366dcd	25f205bc-7e30-4c2b-ad23-4a517b0d9f96
8	d12f96a7-dc8a-42dd-8a40-a679d9069bf6	90d169d6-98e5-4b55-8651-6cd9ef9e3b34
9	5fbe1dd5-0881-479e-8c7e-2273b3f59261	4c196c7d-1fca-483d-8793-6ae637b4da9a
10	8817b3ae-b70e-4d48-88d7-f1532de18c39	427e0d68-f48e-4344-93c6-a4de257287d3
11	4e4993a1-d4da-4dd4-925f-918354dfc69b	9c6ec56b-7a2a-493b-90e7-a0cf3208689b
12	292df509-e58b-43e1-ae1e-c49e5da90516	3b8c7bab-6030-4243-9379-f56022a34b4c
13	2d56af88-7b4f-49f5-8d6c-3690e9852012	0ad257ee-c134-4a8f-8155-4ab652290d4f
14	5145b993-c36a-40a0-8601-68fb93e6ab2a	7b633c22-cffb-475e-93aa-dc4abd0e9ecb
15	ab7655dd-b930-4b20-aad2-91725ac0fd01	a5e5270e-c2dd-4e0c-93ba-b8e35a8dc249
16	a8bc6dc2-b79d-4756-9faa-a18594d67987	c58a2c69-b548-4aad-ac7d-0d1b45bc8ab8
17	c5eda635-0f99-47dc-bcad-85c9dec9aab7	094f53ea-51e2-4594-b05b-93b7cd28bdb8
18	fa6b7f1f-9b87-40c0-a329-6f3854718e31	7fc734fa-d529-4d82-94c4-0decdd69b82b
19	f086b929-5f7d-4462-a439-d931b3e8649d	d495204a-1da2-4332-af2e-b7a75f1bbc47
20	59dfb2bf-0085-48cb-9ccb-53fdc418e124	e50aafda-dc19-444b-8cf7-6a0f4c463faf
21	f112cd07-71e1-4361-847c-1956f23ee95d	1b40d45b-a7b9-45f3-9448-84c83c2df834
22	cd8e7105-290c-44a3-83de-162139578971	24f2935a-1091-4a5c-8f24-6b9c0925faa1
23	1592d8ec-f7e8-4921-a149-4379d9033d50	102c6c71-5d01-4b99-97a8-0ba38bb68008
24	bf25ec1a-de0f-4179-9d29-ec4cf4fbcf26	81dc0992-8f3f-4cbf-a1f8-003f51997663
25	deb13571-86d9-4f0e-bcbc-623471c6a13b	5c01c935-20b4-4bfa-bf92-e52f9270006a
26	51cba9cf-8c14-40f2-b118-e632ee11b74c	5ab5074e-ff56-4e6a-a0cc-7ca52444a9f6
27	508923ee-d6be-487e-9465-b8b33eab40b3	ba396c3a-b12d-4bdf-afdf-d56c73122afd
28	fbdddfa7-5305-4abd-a76f-ec73817fb0f0	2cf4db88-33e6-49ed-b678-d361dd4ed973
29	c19c7d10-4c3f-443e-9c71-31933c3fad6a	721dd9bc-878d-4a07-80c1-e349d8372019
30	4eb973e8-3208-464d-9165-35ae96d89793	5ab5074e-ff56-4e6a-a0cc-7ca52444a9f6
31	aa0cf521-1860-458e-8c15-9623a2b21804	2cf4db88-33e6-49ed-b678-d361dd4ed973
32	3181def7-ba16-4a45-b80c-aa5489f6bcc0	8e90f15c-0496-4801-81bb-100e14aa6982
33	d4ebac41-300f-4040-9bab-920a8d88459e	84535105-a4c4-4d82-a3e4-c8f8f977a6c2
34	fd1f457c-a046-473e-88a9-8a0a50ce87ad	63d6fb5e-139c-4a1d-b134-682238ee3213
35	93835858-1322-41df-9281-4f4140e12f56	07561bd8-afc0-4122-97b3-dee2a1f33443
36	9bb947d8-73cd-401f-a384-a9b37b803e00	d3e5c5da-d3a4-47b2-ae73-14d761551221
37	a92dc5c3-9e2a-449f-af59-e9a939e129a6	63d6fb5e-139c-4a1d-b134-682238ee3213
38	6e1451d9-8419-48de-bff8-c300f7892fc9	24f2935a-1091-4a5c-8f24-6b9c0925faa1
39	c462ea34-3cc9-4b79-8623-50736fa942f4	f226704c-1894-45c6-ba43-b6e2aaf51bbf
40	ad46d4d4-4921-4a51-8239-a00b6ce1370e	553d40aa-10a7-41f3-9ae7-c1d7737196fa
41	18938a03-976e-4e6d-9c5b-96139b9d9ebb	241fe8c0-0bca-4b56-9a5c-890cd55e076a
42	-	a7d6f0fe-c689-42fd-a5fc-02d6d44ded93
43	b9981051-0a77-47bc-b43c-749a9fbcca2d	df2ca266-b8d6-4e60-84a9-6bb9c38e0ce7
44	d9bd0eac-8d65-4d26-bbd6-9be2dba8c20c	247f213d-7918-44a4-87cf-a0d70531e350
45	a3fe1e0b-6014-40f4-98bb-7f0417aa11a2	8afa905d-a511-46d6-8bbc-52e4a7ed5b0a
46	8712005e-11e3-4ec7-8869-06afd90f5bbe	43f0eb59-289b-4204-8ec3-87af7f08fb36
47	67a23852-2453-4c5c-b8e6-9d891ad83527	47cacf90-cac3-4dcd-a405-1658d8bf2350
48	bd1f4e45-e75b-49ec-9615-ee6a5c41c128	c58a2c69-b548-4aad-ac7d-0d1b45bc8ab8
49	f9f08017-fdf5-4ab4-b66d-8dd9ed40880c	d495204a-1da2-4332-af2e-b7a75f1bbc47
50	f65bedea-8472-447f-b1f0-61df251223b2	a18b4a16-a2f6-4d79-b839-53e1eee88f98
51	84a34bb6-5bf0-4cc8-8207-1ae3fdc6e41d	b0fe4d4a-4b4a-4648-aca7-44704295011a
52	aa7614c7-f904-4a83-b85b-60544dc5eed6	a929ae1d-af84-4645-b607-3d1dc7c4fb52
53	1f856523-0e59-49ff-a8b8-08f71b2419a2	bcabedc8-8660-46f9-b33f-2804e18753c7
54	8cb1eacf-0cd1-424f-9e5c-6a8c24d9d6fa	f7498a96-5584-4552-b252-0d95a85ea0d0
55	dad550fb-47b6-4da6-956f-776c8451cf82	d824c2ce-e0ef-4577-82fa-47a11e1d1a56
56	7284adee-ee7a-414a-8cc7-43ecd31df16d	aa0f9952-e03a-4920-baf7-e7b7c4f9d012
57	2cdcd049-53e6-4e50-b802-0e7032ce3344	df2ca266-b8d6-4e60-84a9-6bb9c38e0ce7
58	5b774b5d-52c7-44bf-817b-8772893e77c0	47cacf90-cac3-4dcd-a405-1658d8bf2350
59	25335686-bade-4fae-a667-e59380eeda0b	faab0907-bba5-4c0e-a2ed-07a7f6f361a1
60	b695a96f-c78d-4596-9aaa-a79835150ce3	8363fdb3-b196-4fac-b852-a15ab8641081
61	0016e13b-7af4-435b-b899-051435f625fd	e50aafda-dc19-444b-8cf7-6a0f4c463faf
62	0953629f-be73-4cb8-8461-ace7a26430b9	4c51fe6e-51a1-43d5-9cb9-667cc1c25c54
63	1ac0879b-f87c-43a4-a4d2-ee3a63be7ce7	90d169d6-98e5-4b55-8651-6cd9ef9e3b34
64	1e34e0b5-ce56-4eec-8bb0-d427da971b97	8e90f15c-0496-4801-81bb-100e14aa6982
65	510ef485-2067-4eae-a628-a81f3670ff61	2cf4db88-33e6-49ed-b678-d361dd4ed973
66	06b64642-b7fa-4aff-836c-6b6dd1646659	d98a07b5-1fba-4cfd-a64d-7510da056e41
67	61ecb0b4-c72e-4066-b386-0baabc194d4a	f226704c-1894-45c6-ba43-b6e2aaf51bbf
68	45dda668-5838-4c2a-9544-a76373ceffb3	aa0f9952-e03a-4920-baf7-e7b7c4f9d012
69	332169e6-9e8e-4287-83f5-8461f96a4a68	4c196c7d-1fca-483d-8793-6ae637b4da9a
70	39db93a3-9900-448e-bc5a-913b6edb9c53	bbb7bc57-2026-4edf-a877-e9db47fa615f
71	1c927650-6110-4e9d-903e-1330a1f6cb04	d98a07b5-1fba-4cfd-a64d-7510da056e41
72	-	3b8c7bab-6030-4243-9379-f56022a34b4c
