E02_CH01_ARREST_CU01.mp4	https://d8j0ntlcm91z4.cloudfront.net/user_328BSQHh3aM3cx9zis3OoXkjp3y/hf_20260704_110213_a18b4a16-a2f6-4d79-b839-53e1eee88f98.mp4
E02_CH01_ARREST_CU01.png	https://d8j0ntlcm91z4.cloudfront.net/user_328BSQHh3aM3cx9zis3OoXkjp3y/hf_20260704_074845_db43f73c-8e0a-41ab-8657-bf5ab60f6f37.png
E02_CH01_ARREST_M01.mp4	https://d8j0ntlcm91z4.cloudfront.net/user_328BSQHh3aM3cx9zis3OoXkjp3y/hf_20260704_110209_bf14592f-2bf4-43d6-b4b0-fdcbe9802b9b.mp4
E02_CH01_ARREST_M01.png	https://d8j0ntlcm91z4.cloudfront.net/user_328BSQHh3aM3cx9zis3OoXkjp3y/hf_20260704_074836_9c4f2cc0-173a-4311-bf6a-035b2a71eb60.png
E02_CH01_ARREST_M02.mp4	https://d8j0ntlcm91z4.cloudfront.net/user_328BSQHh3aM3cx9zis3OoXkjp3y/hf_20260704_110126_61b8422c-b33c-4330-8f58-83ba2016f1ce.mp4
E02_CH01_ARREST_M02.png	https://d8j0ntlcm91z4.cloudfront.net/user_328BSQHh3aM3cx9zis3OoXkjp3y/hf_20260704_074841_d1163cf0-55f8-4840-b22d-36487254e445.png
E02_CH01_ARREST_W01.mp4	https://d8j0ntlcm91z4.cloudfront.net/user_328BSQHh3aM3cx9zis3OoXkjp3y/hf_20260704_110201_df8f392f-a962-47f4-9b70-5be0f71336ff.mp4
E02_CH01_ARREST_W01.png	https://d8j0ntlcm91z4.cloudfront.net/user_328BSQHh3aM3cx9zis3OoXkjp3y/hf_20260704_074829_a6d03062-bd4d-44a7-b7cd-79c3f9aed6ef.png
E02_CH01_ARREST_W02.mp4	https://d8j0ntlcm91z4.cloudfront.net/user_328BSQHh3aM3cx9zis3OoXkjp3y/hf_20260704_110204_428b5544-5c95-4dc1-ad18-02067a69c944.mp4
E02_CH01_ARREST_W02.png	https://d8j0ntlcm91z4.cloudfront.net/user_328BSQHh3aM3cx9zis3OoXkjp3y/hf_20260704_074832_62315d97-0076-4daf-bd11-f12f72993b09.png
E02_CH01_ARREST_W03.mp4	https://d8j0ntlcm91z4.cloudfront.net/user_328BSQHh3aM3cx9zis3OoXkjp3y/hf_20260704_110145_f57308de-c8b9-468f-91fa-be3d8eda08e7.mp4
E02_CH01_ARREST_W03.png	https://d8j0ntlcm91z4.cloudfront.net/user_328BSQHh3aM3cx9zis3OoXkjp3y/hf_20260704_074847_dd8ba98e-7f94-46ff-9127-fb332c0a4c51.png
E02_CH02_CROWN_CU01.mp4	https://d8j0ntlcm91z4.cloudfront.net/user_328BSQHh3aM3cx9zis3OoXkjp3y/hf_20260704_110236_427e0d68-f48e-4344-93c6-a4de257287d3.mp4
E02_CH02_CROWN_CU01.png	https://d8j0ntlcm91z4.cloudfront.net/user_328BSQHh3aM3cx9zis3OoXkjp3y/hf_20260704_080937_bc7c8d50-d02a-4287-af0f-1818729e1bf2.png
E02_CH02_CROWN_M01.mp4	https://d8j0ntlcm91z4.cloudfront.net/user_328BSQHh3aM3cx9zis3OoXkjp3y/hf_20260704_110232_25f205bc-7e30-4c2b-ad23-4a517b0d9f96.mp4
E02_CH02_CROWN_M01.png	https://d8j0ntlcm91z4.cloudfront.net/user_328BSQHh3aM3cx9zis3OoXkjp3y/hf_20260704_080932_ab66cd3c-f8b7-4542-959e-cf751ab472fb.png
E02_CH02_CROWN_P01.mp4	https://d8j0ntlcm91z4.cloudfront.net/user_328BSQHh3aM3cx9zis3OoXkjp3y/hf_20260704_110244_4c196c7d-1fca-483d-8793-6ae637b4da9a.mp4
E02_CH02_CROWN_P01.png	https://d8j0ntlcm91z4.cloudfront.net/user_328BSQHh3aM3cx9zis3OoXkjp3y/hf_20260704_080945_7abbadc3-cf7c-4b81-a135-b9b4cfc19a3d.png
E02_CH02_CROWN_T01.png	https://d8j0ntlcm91z4.cloudfront.net/user_328BSQHh3aM3cx9zis3OoXkjp3y/hf_20260704_080948_c1c9c3e6-a245-480f-b6fe-41b0aa502dfd.png
E02_CH02_CROWN_W01.mp4	https://d8j0ntlcm91z4.cloudfront.net/user_328BSQHh3aM3cx9zis3OoXkjp3y/hf_20260704_110229_90d169d6-98e5-4b55-8651-6cd9ef9e3b34.mp4
E02_CH02_CROWN_W01.png	https://d8j0ntlcm91z4.cloudfront.net/user_328BSQHh3aM3cx9zis3OoXkjp3y/hf_20260704_080929_67d5cfb8-06ba-4857-a805-b05007341e64.png
E02_CH02_CROWN_W02.mp4	https://d8j0ntlcm91z4.cloudfront.net/user_328BSQHh3aM3cx9zis3OoXkjp3y/hf_20260704_110240_9c6ec56b-7a2a-493b-90e7-a0cf3208689b.mp4
E02_CH02_CROWN_W02.png	https://d8j0ntlcm91z4.cloudfront.net/user_328BSQHh3aM3cx9zis3OoXkjp3y/hf_20260704_080941_31bb8b58-9116-4606-bab7-0b49f01b8f7e.png
E02_CH03_INHERIT_CU01.mp4	https://d8j0ntlcm91z4.cloudfront.net/user_328BSQHh3aM3cx9zis3OoXkjp3y/hf_20260704_110310_094f53ea-51e2-4594-b05b-93b7cd28bdb8.mp4
E02_CH03_INHERIT_CU01.png	https://d8j0ntlcm91z4.cloudfront.net/user_328BSQHh3aM3cx9zis3OoXkjp3y/hf_20260704_104129_76508637-283e-4fc2-a83f-73ecdf2327d3.png
E02_CH03_INHERIT_M01.mp4	https://d8j0ntlcm91z4.cloudfront.net/user_328BSQHh3aM3cx9zis3OoXkjp3y/hf_20260704_110301_0ad257ee-c134-4a8f-8155-4ab652290d4f.mp4
E02_CH03_INHERIT_M01.png	https://d8j0ntlcm91z4.cloudfront.net/user_328BSQHh3aM3cx9zis3OoXkjp3y/hf_20260704_104121_c5c425f9-9bd5-4fd9-9408-40e8972d8bd8.png
E02_CH03_INHERIT_M02.mp4	https://d8j0ntlcm91z4.cloudfront.net/user_328BSQHh3aM3cx9zis3OoXkjp3y/hf_20260704_110319_7fc734fa-d529-4d82-94c4-0decdd69b82b.mp4
E02_CH03_INHERIT_M02.png	https://d8j0ntlcm91z4.cloudfront.net/user_328BSQHh3aM3cx9zis3OoXkjp3y/hf_20260704_104137_a5ca357e-368e-4808-bfed-412c3c8522c7.png
E02_CH03_INHERIT_W01.mp4	https://d8j0ntlcm91z4.cloudfront.net/user_328BSQHh3aM3cx9zis3OoXkjp3y/hf_20260704_110257_a5e5270e-c2dd-4e0c-93ba-b8e35a8dc249.mp4
E02_CH03_INHERIT_W01.png	https://d8j0ntlcm91z4.cloudfront.net/user_328BSQHh3aM3cx9zis3OoXkjp3y/hf_20260704_104116_8ead0834-b0f9-4863-a8e2-8f7e7327d328.png
E02_CH03_INHERIT_W02.mp4	https://d8j0ntlcm91z4.cloudfront.net/user_328BSQHh3aM3cx9zis3OoXkjp3y/hf_20260704_110306_7b633c22-cffb-475e-93aa-dc4abd0e9ecb.mp4
E02_CH03_INHERIT_W02.png	https://d8j0ntlcm91z4.cloudfront.net/user_328BSQHh3aM3cx9zis3OoXkjp3y/hf_20260704_104125_18a6c3b1-ef48-40d5-b707-cfe8bc6c4c45.png
E02_CH03_INHERIT_W03.mp4	https://d8j0ntlcm91z4.cloudfront.net/user_328BSQHh3aM3cx9zis3OoXkjp3y/hf_20260704_110314_c58a2c69-b548-4aad-ac7d-0d1b45bc8ab8.mp4
E02_CH03_INHERIT_W03.png	https://d8j0ntlcm91z4.cloudfront.net/user_328BSQHh3aM3cx9zis3OoXkjp3y/hf_20260704_104133_57cf3f6f-a94f-44a6-bed2-8a5efd83c482.png
E02_CH04_THREAD_CU01.mp4	https://d8j0ntlcm91z4.cloudfront.net/user_328BSQHh3aM3cx9zis3OoXkjp3y/hf_20260704_110339_e50aafda-dc19-444b-8cf7-6a0f4c463faf.mp4
E02_CH04_THREAD_CU01.png	https://d8j0ntlcm91z4.cloudfront.net/user_328BSQHh3aM3cx9zis3OoXkjp3y/hf_20260704_104653_5445c32c-60ca-4721-a1fc-2ce9c61f1a09.png
E02_CH04_THREAD_CU02.mp4	https://d8j0ntlcm91z4.cloudfront.net/user_328BSQHh3aM3cx9zis3OoXkjp3y/hf_20260704_110344_5ab5074e-ff56-4e6a-a0cc-7ca52444a9f6.mp4
E02_CH04_THREAD_CU02.png	https://d8j0ntlcm91z4.cloudfront.net/user_328BSQHh3aM3cx9zis3OoXkjp3y/hf_20260704_104656_88a0c562-9c75-402c-a2fe-9594601ebb39.png
E02_CH04_THREAD_CU03.mp4	https://d8j0ntlcm91z4.cloudfront.net/user_328BSQHh3aM3cx9zis3OoXkjp3y/hf_20260704_110355_1b40d45b-a7b9-45f3-9448-84c83c2df834.mp4
E02_CH04_THREAD_CU03.png	https://d8j0ntlcm91z4.cloudfront.net/user_328BSQHh3aM3cx9zis3OoXkjp3y/hf_20260704_104709_59762ab4-23d6-4fa9-8cc1-f5508379f982.png
E02_CH04_THREAD_M01.mp4	https://d8j0ntlcm91z4.cloudfront.net/user_328BSQHh3aM3cx9zis3OoXkjp3y/hf_20260704_110335_d495204a-1da2-4332-af2e-b7a75f1bbc47.mp4
E02_CH04_THREAD_M01.png	https://d8j0ntlcm91z4.cloudfront.net/user_328BSQHh3aM3cx9zis3OoXkjp3y/hf_20260704_104648_a1ef883d-9b21-4a31-a8aa-92338f7ddb0c.png
E02_CH04_THREAD_M02.mp4	https://d8j0ntlcm91z4.cloudfront.net/user_328BSQHh3aM3cx9zis3OoXkjp3y/hf_20260704_110352_ba396c3a-b12d-4bdf-afdf-d56c73122afd.mp4
E02_CH04_THREAD_M02.png	https://d8j0ntlcm91z4.cloudfront.net/user_328BSQHh3aM3cx9zis3OoXkjp3y/hf_20260704_104706_3e4be22f-5cac-444c-b5d1-f94592d1b058.png
E02_CH04_THREAD_W01.mp4	https://d8j0ntlcm91z4.cloudfront.net/user_328BSQHh3aM3cx9zis3OoXkjp3y/hf_20260704_110348_2cf4db88-33e6-49ed-b678-d361dd4ed973.mp4
E02_CH04_THREAD_W01.png	https://d8j0ntlcm91z4.cloudfront.net/user_328BSQHh3aM3cx9zis3OoXkjp3y/hf_20260704_104701_e3e34857-ab1c-4486-846a-c46956d78544.png
E02_CH05_POPE_CU01.mp4	https://d8j0ntlcm91z4.cloudfront.net/user_328BSQHh3aM3cx9zis3OoXkjp3y/hf_20260704_110415_5c01c935-20b4-4bfa-bf92-e52f9270006a.mp4
E02_CH05_POPE_CU01.png	https://d8j0ntlcm91z4.cloudfront.net/user_328BSQHh3aM3cx9zis3OoXkjp3y/hf_20260704_105048_419a0bf8-c4e9-4b99-9f3f-d792d8d37385.png
E02_CH05_POPE_M01.mp4	https://d8j0ntlcm91z4.cloudfront.net/user_328BSQHh3aM3cx9zis3OoXkjp3y/hf_20260704_110410_102c6c71-5d01-4b99-97a8-0ba38bb68008.mp4
E02_CH05_POPE_M01.png	https://d8j0ntlcm91z4.cloudfront.net/user_328BSQHh3aM3cx9zis3OoXkjp3y/hf_20260704_105044_c2ee001a-2e5a-4f63-bbe9-603a121eed99.png
E02_CH05_POPE_M02.mp4	https://d8j0ntlcm91z4.cloudfront.net/user_328BSQHh3aM3cx9zis3OoXkjp3y/hf_20260704_110425_721dd9bc-878d-4a07-80c1-e349d8372019.mp4
E02_CH05_POPE_M02.png	https://d8j0ntlcm91z4.cloudfront.net/user_328BSQHh3aM3cx9zis3OoXkjp3y/hf_20260704_105055_0d1b9716-7a87-4a77-8fd3-01c70efe8681.png
E02_CH05_POPE_W01.mp4	https://d8j0ntlcm91z4.cloudfront.net/user_328BSQHh3aM3cx9zis3OoXkjp3y/hf_20260704_110408_24f2935a-1091-4a5c-8f24-6b9c0925faa1.mp4
E02_CH05_POPE_W01.png	https://d8j0ntlcm91z4.cloudfront.net/user_328BSQHh3aM3cx9zis3OoXkjp3y/hf_20260704_105040_0cfad9dc-6465-4511-956f-1408330d3f63.png
E02_CH05_POPE_W02.mp4	https://d8j0ntlcm91z4.cloudfront.net/user_328BSQHh3aM3cx9zis3OoXkjp3y/hf_20260704_110422_81dc0992-8f3f-4cbf-a1f8-003f51997663.mp4
E02_CH05_POPE_W02.png	https://d8j0ntlcm91z4.cloudfront.net/user_328BSQHh3aM3cx9zis3OoXkjp3y/hf_20260704_105052_2a250f76-2ea2-4bbb-b755-82c7ffb5c256.png
E02_CH06_VAULT_CU01.mp4	https://d8j0ntlcm91z4.cloudfront.net/user_328BSQHh3aM3cx9zis3OoXkjp3y/hf_20260704_110448_07561bd8-afc0-4122-97b3-dee2a1f33443.mp4
E02_CH06_VAULT_CU01.png	https://d8j0ntlcm91z4.cloudfront.net/user_328BSQHh3aM3cx9zis3OoXkjp3y/hf_20260704_105121_6a85f164-0b6f-405a-ae92-d182e6320b2c.png
E02_CH06_VAULT_M01.mp4	https://d8j0ntlcm91z4.cloudfront.net/user_328BSQHh3aM3cx9zis3OoXkjp3y/hf_20260704_110455_d3e5c5da-d3a4-47b2-ae73-14d761551221.mp4
E02_CH06_VAULT_M01.png	https://d8j0ntlcm91z4.cloudfront.net/user_328BSQHh3aM3cx9zis3OoXkjp3y/hf_20260704_105129_ba1b0df2-2697-43ae-954b-534c8699f1a7.png
E02_CH06_VAULT_W01.mp4	https://d8j0ntlcm91z4.cloudfront.net/user_328BSQHh3aM3cx9zis3OoXkjp3y/hf_20260704_110429_8e90f15c-0496-4801-81bb-100e14aa6982.mp4
E02_CH06_VAULT_W01.png	https://d8j0ntlcm91z4.cloudfront.net/user_328BSQHh3aM3cx9zis3OoXkjp3y/hf_20260704_105109_b7b15bfe-bc8e-4553-99a7-9182047c827b.png
E02_CH06_VAULT_W02.mp4	https://d8j0ntlcm91z4.cloudfront.net/user_328BSQHh3aM3cx9zis3OoXkjp3y/hf_20260704_110443_63d6fb5e-139c-4a1d-b134-682238ee3213.mp4
E02_CH06_VAULT_W02.png	https://d8j0ntlcm91z4.cloudfront.net/user_328BSQHh3aM3cx9zis3OoXkjp3y/hf_20260704_105114_b95df694-fdf4-4be8-b808-4b786d0d1857.png
E02_CH06_VAULT_W03.mp4	https://d8j0ntlcm91z4.cloudfront.net/user_328BSQHh3aM3cx9zis3OoXkjp3y/hf_20260704_110451_84535105-a4c4-4d82-a3e4-c8f8f977a6c2.mp4
E02_CH06_VAULT_W03.png	https://d8j0ntlcm91z4.cloudfront.net/user_328BSQHh3aM3cx9zis3OoXkjp3y/hf_20260704_105124_02b938b5-dd23-4d48-8d1a-8741bb461e23.png
E02_CH07_GRIP_CU01.mp4	https://d8j0ntlcm91z4.cloudfront.net/user_328BSQHh3aM3cx9zis3OoXkjp3y/hf_20260704_110519_f226704c-1894-45c6-ba43-b6e2aaf51bbf.mp4
E02_CH07_GRIP_CU01.png	https://d8j0ntlcm91z4.cloudfront.net/user_328BSQHh3aM3cx9zis3OoXkjp3y/hf_20260704_105153_41cbe62f-962b-40f2-a40c-0a0f08968d60.png
E02_CH07_GRIP_CU02.mp4	https://d8j0ntlcm91z4.cloudfront.net/user_328BSQHh3aM3cx9zis3OoXkjp3y/hf_20260704_110535_a7d6f0fe-c689-42fd-a5fc-02d6d44ded93.mp4
E02_CH07_GRIP_CU02.png	https://d8j0ntlcm91z4.cloudfront.net/user_328BSQHh3aM3cx9zis3OoXkjp3y/hf_20260704_105201_9a7e186b-3b0f-4196-a4ab-53d4b46ef274.png
E02_CH07_GRIP_M01.mp4	https://d8j0ntlcm91z4.cloudfront.net/user_328BSQHh3aM3cx9zis3OoXkjp3y/hf_20260704_110515_553d40aa-10a7-41f3-9ae7-c1d7737196fa.mp4
E02_CH07_GRIP_M01.png	https://d8j0ntlcm91z4.cloudfront.net/user_328BSQHh3aM3cx9zis3OoXkjp3y/hf_20260704_105150_54a94c09-7507-4a53-af8c-9bf02fe7ca32.png
E02_CH07_GRIP_W01.mp4	https://d8j0ntlcm91z4.cloudfront.net/user_328BSQHh3aM3cx9zis3OoXkjp3y/hf_20260704_110511_241fe8c0-0bca-4b56-9a5c-890cd55e076a.mp4
E02_CH07_GRIP_W01.png	https://d8j0ntlcm91z4.cloudfront.net/user_328BSQHh3aM3cx9zis3OoXkjp3y/hf_20260704_105144_9007090d-f9a4-460f-bef7-4e10864d0dca.png
E02_CH07_GRIP_W02.mp4	https://d8j0ntlcm91z4.cloudfront.net/user_328BSQHh3aM3cx9zis3OoXkjp3y/hf_20260704_110530_8afa905d-a511-46d6-8bbc-52e4a7ed5b0a.mp4
E02_CH07_GRIP_W02.png	https://d8j0ntlcm91z4.cloudfront.net/user_328BSQHh3aM3cx9zis3OoXkjp3y/hf_20260704_105157_e877e648-0c7b-423a-a6e2-c4074add6504.png
E02_CH08_FALL_CU01.mp4	https://d8j0ntlcm91z4.cloudfront.net/user_328BSQHh3aM3cx9zis3OoXkjp3y/hf_20260704_110602_47cacf90-cac3-4dcd-a405-1658d8bf2350.mp4
E02_CH08_FALL_CU01.png	https://d8j0ntlcm91z4.cloudfront.net/user_328BSQHh3aM3cx9zis3OoXkjp3y/hf_20260704_105225_62ea4f1a-dd7b-4b07-a4bb-c52f8f49adaf.png
E02_CH08_FALL_M01.mp4	https://d8j0ntlcm91z4.cloudfront.net/user_328BSQHh3aM3cx9zis3OoXkjp3y/hf_20260704_110552_247f213d-7918-44a4-87cf-a0d70531e350.mp4
E02_CH08_FALL_M01.png	https://d8j0ntlcm91z4.cloudfront.net/user_328BSQHh3aM3cx9zis3OoXkjp3y/hf_20260704_105216_de394732-a0e3-43a9-ba5b-952f1f4266f1.png
E02_CH08_FALL_M02.mp4	https://d8j0ntlcm91z4.cloudfront.net/user_328BSQHh3aM3cx9zis3OoXkjp3y/hf_20260704_110607_b0fe4d4a-4b4a-4648-aca7-44704295011a.mp4
E02_CH08_FALL_M02.png	https://d8j0ntlcm91z4.cloudfront.net/user_328BSQHh3aM3cx9zis3OoXkjp3y/hf_20260704_105228_96c761c7-f25d-49ef-a11a-54d566b1278b.png
E02_CH08_FALL_W01.mp4	https://d8j0ntlcm91z4.cloudfront.net/user_328BSQHh3aM3cx9zis3OoXkjp3y/hf_20260704_110539_df2ca266-b8d6-4e60-84a9-6bb9c38e0ce7.mp4
E02_CH08_FALL_W01.png	https://d8j0ntlcm91z4.cloudfront.net/user_328BSQHh3aM3cx9zis3OoXkjp3y/hf_20260704_105203_14540ece-3b71-4f30-9862-26a245314ed2.png
E02_CH08_FALL_W02.mp4	https://d8j0ntlcm91z4.cloudfront.net/user_328BSQHh3aM3cx9zis3OoXkjp3y/hf_20260704_110557_43f0eb59-289b-4204-8ec3-87af7f08fb36.mp4
E02_CH08_FALL_W02.png	https://d8j0ntlcm91z4.cloudfront.net/user_328BSQHh3aM3cx9zis3OoXkjp3y/hf_20260704_105220_86a42b14-db54-4fd4-af62-d7f598a44e87.png
E02_CH09_FREEZE_CU01.mp4	https://d8j0ntlcm91z4.cloudfront.net/user_328BSQHh3aM3cx9zis3OoXkjp3y/hf_20260704_110636_d824c2ce-e0ef-4577-82fa-47a11e1d1a56.mp4
E02_CH09_FREEZE_CU01.png	https://d8j0ntlcm91z4.cloudfront.net/user_328BSQHh3aM3cx9zis3OoXkjp3y/hf_20260704_105253_c1778a43-862c-4756-81b7-92d15e42e784.png
E02_CH09_FREEZE_M01.mp4	https://d8j0ntlcm91z4.cloudfront.net/user_328BSQHh3aM3cx9zis3OoXkjp3y/hf_20260704_110625_bcabedc8-8660-46f9-b33f-2804e18753c7.mp4
E02_CH09_FREEZE_M01.png	https://d8j0ntlcm91z4.cloudfront.net/user_328BSQHh3aM3cx9zis3OoXkjp3y/hf_20260704_105247_abac7274-a5e5-444e-aadf-0373257da9ee.png
E02_CH09_FREEZE_W01.mp4	https://d8j0ntlcm91z4.cloudfront.net/user_328BSQHh3aM3cx9zis3OoXkjp3y/hf_20260704_110620_a929ae1d-af84-4645-b607-3d1dc7c4fb52.mp4
E02_CH09_FREEZE_W01.png	https://d8j0ntlcm91z4.cloudfront.net/user_328BSQHh3aM3cx9zis3OoXkjp3y/hf_20260704_105241_c5dbe455-8366-4e35-82c8-9aa6606d850a.png
E02_CH09_FREEZE_W02.mp4	https://d8j0ntlcm91z4.cloudfront.net/user_328BSQHh3aM3cx9zis3OoXkjp3y/hf_20260704_110634_f7498a96-5584-4552-b252-0d95a85ea0d0.mp4
E02_CH09_FREEZE_W02.png	https://d8j0ntlcm91z4.cloudfront.net/user_328BSQHh3aM3cx9zis3OoXkjp3y/hf_20260704_105250_2f34e0eb-72f7-4441-97f1-54d986babdf5.png
E02_CH09_FREEZE_W03.mp4	https://d8j0ntlcm91z4.cloudfront.net/user_328BSQHh3aM3cx9zis3OoXkjp3y/hf_20260704_110639_aa0f9952-e03a-4920-baf7-e7b7c4f9d012.mp4
E02_CH09_FREEZE_W03.png	https://d8j0ntlcm91z4.cloudfront.net/user_328BSQHh3aM3cx9zis3OoXkjp3y/hf_20260704_105257_21b7605e-a39e-4fe7-9345-f7886d50727a.png
E02_CH10_RETURN_M01.mp4	https://d8j0ntlcm91z4.cloudfront.net/user_328BSQHh3aM3cx9zis3OoXkjp3y/hf_20260705_103456_8363fdb3-b196-4fac-b852-a15ab8641081.mp4
E02_CH10_RETURN_M01.png	https://d8j0ntlcm91z4.cloudfront.net/user_328BSQHh3aM3cx9zis3OoXkjp3y/hf_20260705_103332_15b6fe76-79fa-444a-b14c-230cfab60ce2.png
E02_CH10_RETURN_M02.mp4	https://d8j0ntlcm91z4.cloudfront.net/user_328BSQHh3aM3cx9zis3OoXkjp3y/hf_20260704_110703_4c51fe6e-51a1-43d5-9cb9-667cc1c25c54.mp4
E02_CH10_RETURN_M02.png	https://d8j0ntlcm91z4.cloudfront.net/user_328BSQHh3aM3cx9zis3OoXkjp3y/hf_20260704_105319_3c62bbf3-ee10-43d5-ab2e-7ac44d5729c0.png
E02_CH10_RETURN_W01.mp4	https://d8j0ntlcm91z4.cloudfront.net/user_328BSQHh3aM3cx9zis3OoXkjp3y/hf_20260704_110643_faab0907-bba5-4c0e-a2ed-07a7f6f361a1.mp4
E02_CH10_RETURN_W01.png	https://d8j0ntlcm91z4.cloudfront.net/user_328BSQHh3aM3cx9zis3OoXkjp3y/hf_20260704_105311_deba2355-f1ee-45a6-b6b4-9247f7f301b0.png
E02_CH10_RETURN_W02.mp4	https://d8j0ntlcm91z4.cloudfront.net/user_328BSQHh3aM3cx9zis3OoXkjp3y/hf_20260704_110708_d98a07b5-1fba-4cfd-a64d-7510da056e41.mp4
E02_CH10_RETURN_W02.png	https://d8j0ntlcm91z4.cloudfront.net/user_328BSQHh3aM3cx9zis3OoXkjp3y/hf_20260704_105321_100a5371-0fff-4542-bfe2-4e1d0f0abf58.png
E02_CH10_RETURN_W03.mp4	https://d8j0ntlcm91z4.cloudfront.net/user_328BSQHh3aM3cx9zis3OoXkjp3y/hf_20260704_110710_bbb7bc57-2026-4edf-a877-e9db47fa615f.mp4
E02_CH10_RETURN_W03.png	https://d8j0ntlcm91z4.cloudfront.net/user_328BSQHh3aM3cx9zis3OoXkjp3y/hf_20260704_105327_dc5c85ee-a4db-4558-808e-3e6a4d4818d6.png
E02_VO_B1.wav	https://d8j0ntlcm91z4.cloudfront.net/user_328BSQHh3aM3cx9zis3OoXkjp3y/hf_20260705_103459_c5e4f5a3-edd9-4ddf-88d9-a389b2c40a1c.wav
E02_VO_B2.wav	https://d8j0ntlcm91z4.cloudfront.net/user_328BSQHh3aM3cx9zis3OoXkjp3y/hf_20260705_103502_3375f04f-f07f-408b-9b6f-d53d9a42ce86.wav
E02_VO_B3.wav	https://d8j0ntlcm91z4.cloudfront.net/user_328BSQHh3aM3cx9zis3OoXkjp3y/hf_20260705_103505_10132b80-e3b5-4917-a821-643291013aab.wav
E02_VO_B4.wav	https://d8j0ntlcm91z4.cloudfront.net/user_328BSQHh3aM3cx9zis3OoXkjp3y/hf_20260705_103509_b58cfabd-c5e7-415e-aa83-fc6ff79c8840.wav
E02_VO_B5.wav	https://d8j0ntlcm91z4.cloudfront.net/user_328BSQHh3aM3cx9zis3OoXkjp3y/hf_20260705_103521_61dc9711-da71-42ae-bfea-3f48764a1dad.wav
E02_VO_B6.wav	https://d8j0ntlcm91z4.cloudfront.net/user_328BSQHh3aM3cx9zis3OoXkjp3y/hf_20260705_103523_72188187-be8b-46c2-9118-0730304b4861.wav
E02_VO_B7.wav	https://d8j0ntlcm91z4.cloudfront.net/user_328BSQHh3aM3cx9zis3OoXkjp3y/hf_20260705_103526_bb4ec922-e121-4f94-81bd-784040b78b2d.wav
E02_VO_B8.wav	https://d8j0ntlcm91z4.cloudfront.net/user_328BSQHh3aM3cx9zis3OoXkjp3y/hf_20260705_103531_72e0c3de-c5c4-4c29-ad2b-8b02277f29be.wav
